runA_frame,runB_best,lo,hi,quality,note
60,100,98,102,sure,
150,100,98,102,sure,
183,103,102,104,sure,
346,260,258,261,sure,
476,386,383,388,sure,
602,506,503,508,sure,
738,633,632,634,sure,
891,780,778,783,sure,
994,890,889,891,sure,
1155,1056,1054,1057,sure,
1270,1172,1171,1173,sure,
1400,1298,1297,1299,sure,
1553,1465,1464,1466,sure,
1708,1641,1640,1643,sure,
1833,1780,1779,1781,sure,
1969,1919,1918,1920,sure,
2103,2065,2063,2066,sure,
2241,2207,2206,2208,sure,
2365,2340,2339,2342,sure,
2485,2490,2489,2491,sure,
2600,,,,no_match,
2650,,,,no_match,
